geo,year,overqualification_rate,labour_cost_eur_h,youth_unemployment_rate,tertiary_edu_rate
AT,2010,21.4,,62.3,19.1
AT,2011,22.7,,63.4,19.2
AT,2012,23.1,29.7,63.5,19.8
AT,2013,22.6,,62.9,20.6
AT,2014,27.2,,61.9,29.9
AT,2015,27.3,,62.0,30.6
AT,2016,28.4,32.5,62.2,31.4
AT,2017,27.6,,61.9,32.4
AT,2018,26.9,,62.7,32.7
AT,2019,27.7,,63.4,33.8
AT,2020,26.7,36.4,61.7,34.2
AT,2021,26.6,36.7,62.4,34.6
AT,2022,27.0,38.5,63.9,35.6
AT,2023,25.4,41.3,64.3,36.6
BE,2010,21.9,,43.2,35.0
BE,2011,21.8,,43.5,34.6
BE,2012,21.3,38.0,42.7,35.3
BE,2013,20.6,,41.4,35.5
BE,2014,19.5,,41.5,36.9
BE,2015,19.3,,41.3,36.9
BE,2016,19.4,38.6,41.4,37.5
BE,2017,20.0,,41.6,40.3
BE,2018,20.1,,43.4,40.6
BE,2019,19.6,,45.1,40.7
BE,2020,19.6,40.5,42.7,42.4
BE,2021,21.0,41.0,43.5,44.9
BE,2022,22.2,43.5,44.4,45.8
BE,2023,21.7,47.1,44.1,44.8
BG,2010,20.6,,39.4,23.3
BG,2011,22.5,,37.2,23.6
BG,2012,23.3,3.4,37.5,24.0
BG,2013,23.1,,36.7,25.6
BG,2014,23.0,,38.0,27.0
BG,2015,23.1,,39.2,27.5
BG,2016,21.9,4.5,38.3,27.7
BG,2017,23.2,,42.0,27.8
BG,2018,23.3,,40.8,28.2
BG,2019,22.4,,42.1,27.9
BG,2020,21.5,6.6,38.5,29.2
BG,2021,20.4,7.1,35.5,29.7
BG,2022,21.1,8.2,37.8,29.9
BG,2023,21.2,9.3,37.1,30.5
CY,2010,30.8,,52.3,35.7
CY,2011,31.3,,50.4,37.7
CY,2012,32.2,16.8,47.2,39.3
CY,2013,31.7,,43.2,39.3
CY,2014,30.8,,44.9,40.3
CY,2015,32.4,,44.6,40.5
CY,2016,34.5,15.7,45.7,41.9
CY,2017,32.6,,47.3,42.5
CY,2018,31.6,,50.5,44.1
CY,2019,32.6,,53.5,44.6
CY,2020,31.4,17.3,52.6,45.0
CY,2021,30.4,17.5,53.7,47.0
CY,2022,30.7,18.8,54.6,48.0
CY,2023,29.4,20.0,55.8,50.7
CZ,2010,7.5,,42.6,16.8
CZ,2011,11.6,,42.7,18.2
CZ,2012,11.9,10.0,42.9,19.3
CZ,2013,12.7,,44.3,20.5
CZ,2014,12.7,,45.7,21.5
CZ,2015,12.9,,46.8,22.2
CZ,2016,13.2,10.3,47.7,23.0
CZ,2017,14.1,,49.0,23.9
CZ,2018,14.2,,49.0,24.3
CZ,2019,14.9,,48.8,24.2
CZ,2020,14.0,14.6,45.8,24.9
CZ,2021,13.6,15.1,44.8,26.4
CZ,2022,13.9,16.2,44.6,26.7
CZ,2023,12.9,17.8,44.1,27.0
DE,2010,20.9,,56.6,26.7
DE,2011,13.0,,58.4,27.7
DE,2012,17.8,30.5,57.7,28.2
DE,2013,17.9,,58.0,28.6
DE,2014,18.7,,57.8,27.1
DE,2015,18.0,,57.7,27.6
DE,2016,18.5,32.8,58.2,28.3
DE,2017,18.6,,58.7,28.6
DE,2018,18.4,,59.4,29.1
DE,2019,17.9,,60.4,29.9
DE,2020,19.7,36.8,59.5,31.2
DE,2021,19.8,37.3,59.9,32.2
DE,2022,19.8,39.6,61.7,32.1
DE,2023,19.5,41.4,62.4,33.0
DK,2010,13.4,,59.9,33.0
DK,2011,11.8,,59.0,33.7
DK,2012,11.2,39.4,57.3,34.6
DK,2013,11.4,,56.4,35.2
DK,2014,12.7,,56.9,35.7
DK,2015,13.5,,58.3,36.6
DK,2016,12.8,41.3,58.8,37.8
DK,2017,13.6,,59.0,38.9
DK,2018,13.4,,60.4,39.4
DK,2019,12.9,,61.2,40.4
DK,2020,12.9,44.9,60.1,40.6
DK,2021,14.0,45.9,61.6,41.9
DK,2022,13.7,47.1,64.2,42.1
DK,2023,13.0,48.3,64.1,42.9
EE,2010,22.5,,40.9,35.5
EE,2011,24.0,,46.4,36.9
EE,2012,26.8,8.6,47.4,37.6
EE,2013,27.1,,48.6,37.4
EE,2014,25.6,,50.7,37.6
EE,2015,25.3,,53.4,36.7
EE,2016,24.1,10.8,53.3,37.7
EE,2017,21.5,,56.5,38.4
EE,2018,20.9,,57.6,39.1
EE,2019,23.4,,55.7,39.5
EE,2020,23.3,14.1,51.3,40.1
EE,2021,21.1,15.0,52.0,41.2
EE,2022,21.6,16.4,55.1,42.1
EE,2023,21.4,18.3,53.2,41.6
EL,2010,19.0,,39.0,24.0
EL,2011,23.2,,33.2,25.4
EL,2012,23.9,15.7,28.6,26.1
EL,2013,24.2,,25.6,27.4
EL,2014,26.1,,27.1,28.1
EL,2015,27.6,,28.0,29.1
EL,2016,29.0,15.2,28.6,30.2
EL,2017,30.3,,29.2,31.0
EL,2018,31.1,,30.0,31.7
EL,2019,32.0,,31.3,31.9
EL,2020,29.9,13.8,29.5,32.7
EL,2021,32.2,13.9,29.7,34.6
EL,2022,32.2,14.7,33.1,35.1
EL,2023,31.0,15.7,35.0,34.3
ES,2010,31.8,,41.4,31.0
ES,2011,34.6,,38.7,31.9
ES,2012,34.7,21.1,34.5,32.6
ES,2013,34.8,,32.6,33.7
ES,2014,36.0,,33.1,34.7
ES,2015,36.6,,33.7,35.1
ES,2016,36.1,21.2,34.6,35.7
ES,2017,36.4,,36.5,36.4
ES,2018,36.9,,37.7,37.3
ES,2019,36.3,,38.2,38.6
ES,2020,35.4,23.0,33.9,39.7
ES,2021,35.6,22.9,36.1,40.4
ES,2022,35.7,23.3,38.8,40.7
ES,2023,35.5,24.5,39.6,41.4
FI,2010,17.0,,51.6,38.1
FI,2011,19.2,,52.8,39.3
FI,2012,19.0,31.3,53.3,39.7
FI,2013,18.8,,53.0,40.5
FI,2014,18.8,,52.3,41.8
FI,2015,18.6,,51.7,42.7
FI,2016,18.8,33.7,52.8,43.1
FI,2017,18.5,,53.8,43.7
FI,2018,18.5,,55.5,44.5
FI,2019,17.6,,56.5,46.0
FI,2020,16.2,34.0,53.9,47.5
FI,2021,17.8,35.1,55.5,42.3
FI,2022,16.9,35.9,57.2,42.7
FI,2023,15.9,37.1,56.5,42.6
FR,2010,19.2,,46.1,28.9
FR,2011,18.8,,45.4,29.7
FR,2012,18.8,34.3,44.3,30.7
FR,2013,19.8,,44.1,32.1
FR,2014,20.9,,43.1,33.2
FR,2015,20.8,,43.2,34.1
FR,2016,20.3,34.6,43.5,34.6
FR,2017,20.7,,44.0,35.3
FR,2018,20.7,,44.7,36.9
FR,2019,20.5,,44.6,38.0
FR,2020,20.0,38.8,43.1,39.7
FR,2021,19.4,39.1,46.6,40.7
FR,2022,20.4,40.4,48.6,41.6
FR,2023,20.0,42.0,48.9,42.4
HR,2010,10.1,,39.4,18.9
HR,2011,13.0,,35.9,18.1
HR,2012,13.2,9.5,33.1,19.3
HR,2013,12.9,,31.5,20.9
HR,2014,12.5,,34.3,21.8
HR,2015,14.3,,35.5,22.9
HR,2016,13.9,9.5,39.9,23.0
HR,2017,13.8,,40.9,23.7
HR,2018,14.0,,41.4,25.2
HR,2019,13.5,,43.6,25.2
HR,2020,12.8,11.3,41.8,25.5
HR,2021,14.2,11.6,42.2,25.6
HR,2022,15.0,12.6,44.5,26.1
HR,2023,13.3,14.4,43.1,28.7
HU,2010,11.5,,35.0,20.0
HU,2011,12.4,,34.8,21.0
HU,2012,13.7,7.4,35.1,22.1
HU,2013,13.1,,36.9,22.6
HU,2014,13.2,,40.8,23.4
HU,2015,13.5,,42.6,24.2
HU,2016,14.1,7.8,45.2,23.7
HU,2017,13.6,,46.8,24.1
HU,2018,14.7,,47.3,25.0
HU,2019,14.8,,47.2,25.9
HU,2020,13.6,9.8,45.9,27.1
HU,2021,13.3,10.3,47.7,29.3
HU,2022,14.2,10.7,47.9,29.4
HU,2023,15.7,12.9,47.4,29.8
IE,2010,27.0,,50.1,38.7
IE,2011,28.5,,47.5,39.2
IE,2012,27.5,29.8,47.0,40.8
IE,2013,28.5,,48.1,42.6
IE,2014,28.2,,48.1,43.3
IE,2015,27.7,,49.4,44.5
IE,2016,27.0,30.6,52.9,45.1
IE,2017,28.0,,52.2,46.5
IE,2018,28.5,,52.6,46.9
IE,2019,28.8,,53.4,47.3
IE,2020,28.5,33.5,49.2,49.9
IE,2021,27.5,34.7,53.9,52.9
IE,2022,27.5,38.0,58.5,53.7
IE,2023,27.1,40.2,58.8,54.5
IT,2010,16.5,,34.1,14.8
IT,2011,19.0,,33.4,15.0
IT,2012,19.3,27.7,32.3,15.8
IT,2013,18.5,,29.1,16.4
IT,2014,18.4,,28.3,16.9
IT,2015,19.1,,28.6,17.6
IT,2016,18.9,27.6,29.7,17.7
IT,2017,19.9,,30.3,18.7
IT,2018,20.2,,30.8,19.4
IT,2019,19.8,,31.7,19.7
IT,2020,19.6,29.2,29.8,20.0
IT,2021,20.7,28.8,31.1,20.0
IT,2022,22.1,29.3,33.8,20.3
IT,2023,21.7,30.0,34.7,21.6
LT,2010,16.3,,33.6,32.4
LT,2011,15.0,,34.6,33.5
LT,2012,14.9,5.9,38.0,34.1
LT,2013,16.2,,41.1,35.2
LT,2014,17.3,,44.2,36.7
LT,2015,22.6,,45.5,38.7
LT,2016,21.8,7.4,47.7,39.7
LT,2017,22.2,,48.9,40.3
LT,2018,22.2,,50.7,41.7
LT,2019,23.6,,50.4,43.1
LT,2020,22.9,10.3,47.6,44.1
LT,2021,21.9,11.6,48.9,45.4
LT,2022,22.2,13.1,49.8,46.5
LT,2023,21.7,14.7,47.8,46.4
LU,2010,4.2,,43.5,35.5
LU,2011,4.4,,42.3,37.0
LU,2012,4.1,35.3,42.8,39.1
LU,2013,5.6,,41.9,40.7
LU,2014,4.4,,43.4,45.9
LU,2015,3.9,,48.5,41.1
LU,2016,4.6,38.7,46.7,42.6
LU,2017,3.8,,46.7,39.9
LU,2018,5.2,,48.1,44.1
LU,2019,4.7,,50.5,47.0
LU,2020,3.9,47.3,47.1,47.1
LU,2021,5.0,48.4,50.4,50.5
LU,2022,6.3,50.9,49.6,52.3
LU,2023,4.9,54.1,51.6,51.9
LV,2010,16.0,,40.1,26.9
LV,2011,17.9,,41.9,27.7
LV,2012,20.4,6.0,45.4,29.2
LV,2013,19.7,,47.9,31.0
LV,2014,18.2,,50.3,30.2
LV,2015,18.6,,52.2,31.6
LV,2016,18.0,7.7,51.9,33.4
LV,2017,18.0,,53.4,33.9
LV,2018,20.4,,52.1,33.9
LV,2019,21.4,,51.9,35.7
LV,2020,18.0,10.7,47.8,37.8
LV,2021,17.9,11.3,46.0,39.0
LV,2022,18.8,12.2,47.0,39.5
LV,2023,19.8,13.5,46.2,39.2
MT,2010,8.6,,56.3,14.9
MT,2011,11.1,,57.6,16.2
MT,2012,11.7,11.8,57.9,17.8
MT,2013,13.0,,60.3,19.6
MT,2014,13.3,,60.5,21.2
MT,2015,14.1,,60.2,21.6
MT,2016,14.1,14.2,62.2,22.1
MT,2017,16.7,,64.2,23.9
MT,2018,19.4,,66.7,26.9
MT,2019,18.9,,66.1,29.7
MT,2020,17.5,15.6,64.7,30.8
MT,2021,20.1,16.1,65.1,32.1
MT,2022,18.9,17.4,68.5,31.8
MT,2023,21.5,18.2,69.4,33.2
NL,2010,13.2,,68.6,32.0
NL,2011,14.4,,68.8,32.1
NL,2012,14.9,32.5,68.5,33.0
NL,2013,14.3,,67.3,33.9
NL,2014,14.8,,66.3,34.4
NL,2015,15.2,,68.0,35.3
NL,2016,14.3,34.5,68.3,36.0
NL,2017,15.0,,69.3,37.2
NL,2018,15.1,,70.9,38.3
NL,2019,15.7,,72.2,40.4
NL,2020,15.8,37.7,70.2,42.6
NL,2021,14.8,38.2,77.0,43.1
NL,2022,14.2,40.3,79.3,44.7
NL,2023,13.5,42.9,79.9,44.3
PL,2010,16.2,,43.9,22.5
PL,2011,17.8,,43.4,23.3
PL,2012,17.7,7.9,43.2,24.5
PL,2013,18.5,,42.8,25.8
PL,2014,18.7,,44.4,27.0
PL,2015,18.3,,45.0,27.7
PL,2016,19.1,8.7,47.7,28.7
PL,2017,19.3,,49.0,29.9
PL,2018,18.7,,50.2,30.9
PL,2019,18.3,,50.8,32.4
PL,2020,18.6,10.9,48.1,33.3
PL,2021,18.2,11.5,48.2,33.7
PL,2022,19.2,12.5,48.4,34.4
PL,2023,19.8,14.5,49.0,37.9
PT,2010,13.2,,45.1,15.5
PT,2011,11.2,,43.8,17.2
PT,2012,11.3,13.3,39.9,18.4
PT,2013,11.3,,37.6,19.3
PT,2014,12.0,,39.0,21.7
PT,2015,12.3,,39.5,22.9
PT,2016,12.9,13.6,40.3,23.8
PT,2017,13.3,,43.3,24.1
PT,2018,13.0,,44.9,25.0
PT,2019,14.2,,45.7,26.4
PT,2020,12.8,15.1,41.5,27.5
PT,2021,13.7,15.4,41.2,28.8
PT,2022,14.5,16.1,43.6,29.5
PT,2023,16.0,17.0,46.1,29.8
RO,2010,10.5,,40.6,13.6
RO,2011,11.5,,39.9,14.6
RO,2012,13.5,4.1,40.2,15.3
RO,2013,16.5,,40.2,15.6
RO,2014,17.2,,41.0,15.9
RO,2015,18.1,,43.1,17.2
RO,2016,16.9,5.3,41.5,17.4
RO,2017,17.0,,43.3,17.6
RO,2018,17.5,,43.0,17.8
RO,2019,15.8,,42.4,18.4
RO,2020,16.9,8.2,41.8,18.7
RO,2021,16.0,8.5,37.8,18.8
RO,2022,16.2,9.5,36.6,19.7
RO,2023,15.8,11.0,35.3,18.6
SE,2010,14.1,,50.6,33.9
SE,2011,15.1,,52.8,34.8
SE,2012,15.1,37.3,52.3,35.7
SE,2013,15.3,,53.7,37.0
SE,2014,15.4,,55.0,38.7
SE,2015,15.4,,56.4,39.8
SE,2016,15.2,37.7,57.3,41.1
SE,2017,15.5,,58.1,41.9
SE,2018,15.5,,58.1,43.2
SE,2019,14.7,,57.4,44.0
SE,2020,13.8,38.0,54.0,44.6
SE,2021,13.1,40.8,54.2,46.6
SE,2022,13.2,40.2,57.1,48.5
SE,2023,13.2,38.7,57.2,49.4
SI,2010,8.1,,49.8,23.7
SI,2011,9.0,,47.8,25.1
SI,2012,10.9,15.6,44.8,26.4
SI,2013,11.6,,43.5,27.9
SI,2014,11.5,,42.9,28.6
SI,2015,14.6,,45.9,30.2
SI,2016,15.0,16.8,45.6,30.7
SI,2017,14.6,,51.1,32.5
SI,2018,15.3,,51.8,32.5
SI,2019,15.5,,51.1,33.3
SI,2020,15.1,20.7,46.6,35.9
SI,2021,17.6,22.0,45.9,40.3
SI,2022,17.5,23.1,48.1,40.1
SI,2023,18.5,25.5,48.7,33.8
SK,2010,9.6,,37.9,17.3
SK,2011,13.9,,37.4,18.6
SK,2012,17.0,8.9,38.0,19.0
SK,2013,18.5,,38.0,19.9
SK,2014,18.2,,39.4,20.4
SK,2015,20.7,,42.3,21.1
SK,2016,20.6,10.2,44.1,22.0
SK,2017,21.7,,45.1,23.1
SK,2018,23.5,,45.9,24.6
SK,2019,22.5,,45.0,25.8
SK,2020,22.3,13.7,42.7,26.8
SK,2021,22.7,14.4,42.0,27.9
SK,2022,23.1,15.7,43.0,29.2
SK,2023,22.5,17.3,42.8,28.8
